<?xml version='1.0'?>
<extension>
	<id>f47ac10b-58cc-4372-a567-0e02b2c3d479</id>
	<name>PLUGIN_MODERNSKIN</name>
	<module>Plugins::ModernSkin::Plugin</module>
	<version>0.1.9</version>
	<description>PLUGIN_MODERNSKIN_DESC</description>
	<creator>Lovehifi</creator>
	<homepageURL>https://github.com/lovehifi/lms-modern-skin</homepageURL>
	<icon></icon>
	<defaultState>enabled</defaultState>
	<targetApplication>
		<id>Logitech Media Server</id>
		<minVersion>7.9</minVersion>
		<maxVersion>*</maxVersion>
	</targetApplication>
</extension>
